<?xml version="1.0" encoding="UTF-8"?>
<project-private xmlns="http://www.netbeans.org/ns/project-private/1">
    <editor-bookmarks xmlns="http://www.netbeans.org/ns/editor-bookmarks/2" lastBookmarkId="0"/>
    <open-files xmlns="http://www.netbeans.org/ns/projectui-open-files/2">
        <group>
            <file>file:/home/mamun/NetBeansProjects/Java-Programming/Basic%20Java%20tutorialspoint/19%20Polymorphism/src/polymorphism/VirtualDemo.java</file>
            <file>file:/home/mamun/NetBeansProjects/Java-Programming/Basic%20Java%20tutorialspoint/19%20Polymorphism/src/polymorphism/Salary.java</file>
            <file>file:/home/mamun/NetBeansProjects/Java-Programming/Basic%20Java%20tutorialspoint/19%20Polymorphism/src/polymorphism/Employee.java</file>
        </group>
    </open-files>
</project-private>
